,student_id,gender_code,age,week,weekday,time,engagement_level,room,class_id
0,15,1,16,1,1,11:00:00,Highly Engaged,R3,2
1,20,1,16,1,1,11:00:00,Highly Engaged,R3,2
2,13,1,16,1,1,11:00:00,Engaged,R3,2
3,23,1,16,1,1,11:00:00,Highly Engaged,R3,2
4,21,1,15,1,1,11:00:00,Not Engaged,R3,2
5,1,1,16,1,1,10:55:00,Not Engaged,R3,2
6,14,1,16,1,1,10:55:00,Not Engaged,R3,2
7,9,1,17,1,1,10:55:00,Highly Engaged,R3,2
8,3,1,16,1,1,10:00:00,Highly Engaged,R3,2
9,18,1,16,1,1,10:00:00,Not Engaged,R3,2
10,8,1,16,1,1,10:00:00,Highly Engaged,R3,2
11,10,1,15,1,1,11:55:00,Not Engaged,R3,3
12,12,1,16,1,1,11:30:00,Not Engaged,R3,3
13,8,1,16,1,1,13:25:00,Highly Engaged,R3,4
14,15,1,16,1,1,13:25:00,Highly Engaged,R3,4
15,5,1,16,1,1,13:20:00,Highly Engaged,R3,4
16,6,1,16,1,1,13:20:00,Highly Engaged,R3,4
17,20,1,16,1,1,13:20:00,Highly Engaged,R3,4
18,18,1,16,1,1,13:20:00,Not Engaged,R3,4
19,3,1,16,1,1,13:20:00,Highly Engaged,R3,4
20,9,1,17,1,1,13:20:00,Engaged,R3,4
21,14,1,16,1,1,13:20:00,Not Engaged,R3,4
22,10,1,15,1,1,13:20:00,Not Engaged,R3,4
23,12,1,16,1,1,15:35:00,Not Engaged,R3,5
24,8,1,16,1,1,15:35:00,Highly Engaged,R3,5
25,7,1,15,1,1,15:35:00,Not Engaged,R3,5
26,5,1,16,1,1,15:35:00,Highly Engaged,R3,5
27,6,1,16,1,1,15:35:00,Highly Engaged,R3,5
28,4,1,16,1,1,15:35:00,Highly Engaged,R3,5
29,3,1,16,1,1,15:35:00,Highly Engaged,R3,5
30,1,1,16,1,1,15:35:00,Highly Engaged,R3,5
31,15,1,16,1,1,15:30:00,Engaged,R3,5
32,20,1,16,1,1,15:30:00,Highly Engaged,R3,5
33,18,1,16,1,1,15:30:00,Not Engaged,R3,5
34,21,1,15,1,1,15:30:00,Highly Engaged,R3,5
35,13,1,16,1,1,15:30:00,Highly Engaged,R3,5
36,14,1,16,1,1,15:25:00,Not Engaged,R3,5
37,1,1,16,1,1,14:20:00,Highly Engaged,R3,5
38,5,1,16,1,2,11:00:00,Highly Engaged,R3,7
39,6,1,16,1,2,11:00:00,Highly Engaged,R3,7
40,13,1,16,1,2,11:00:00,Highly Engaged,R3,7
41,7,1,15,1,2,11:00:00,Engaged,R3,7
42,17,1,16,1,2,11:00:00,Highly Engaged,R3,7
43,20,1,16,1,2,11:00:00,Highly Engaged,R3,7
44,3,1,16,1,2,11:00:00,Engaged,R3,7
45,15,1,16,1,2,11:00:00,Engaged,R3,7
46,9,1,17,1,2,11:00:00,Highly Engaged,R3,7
47,8,1,16,1,2,10:55:00,Highly Engaged,R3,7
48,12,1,16,1,2,10:55:00,Engaged,R3,7
49,19,1,16,1,2,10:55:00,Highly Engaged,R3,7
50,23,1,16,1,2,10:55:00,Highly Engaged,R3,7
51,1,1,16,1,2,10:55:00,Highly Engaged,R3,7
52,21,1,15,1,2,10:55:00,Highly Engaged,R3,7
53,18,1,16,1,2,10:40:00,Not Engaged,R3,7
54,19,1,16,1,2,13:25:00,Engaged,R5,9
55,17,1,16,1,2,13:25:00,Highly Engaged,R5,9
56,5,1,16,1,2,13:25:00,Highly Engaged,R5,9
57,15,1,16,1,2,13:25:00,Engaged,R5,9
58,6,1,16,1,2,13:25:00,Highly Engaged,R5,9
59,1,1,16,1,2,13:20:00,Highly Engaged,R5,9
60,3,1,16,1,2,13:20:00,Highly Engaged,R5,9
61,12,1,16,1,2,13:15:00,Not Engaged,R5,9
62,9,1,17,1,2,13:10:00,Highly Engaged,R5,9
63,10,1,15,1,2,13:10:00,Not Engaged,R5,9
64,11,1,16,1,2,13:10:00,Not Engaged,R5,9
65,10,1,15,1,2,13:10:00,Not Engaged,R5,9
66,8,1,16,1,2,13:10:00,Engaged,R5,9
67,23,1,16,1,2,13:10:00,Engaged,R5,9
68,11,1,16,1,2,12:50:00,Engaged,R5,9
69,21,1,15,1,2,15:35:00,Not Engaged,R3,10
70,17,1,16,1,2,15:30:00,Highly Engaged,R3,10
71,6,1,16,1,2,15:30:00,Highly Engaged,R3,10
72,3,1,16,1,2,15:30:00,Highly Engaged,R3,10
73,1,1,16,1,2,15:30:00,Not Engaged,R3,10
74,20,1,16,1,2,15:30:00,Highly Engaged,R3,10
75,5,1,16,1,2,15:30:00,Highly Engaged,R3,10
76,14,1,16,1,2,15:30:00,Not Engaged,R3,10
77,19,1,16,1,2,15:30:00,Highly Engaged,R3,10
78,18,1,16,1,2,15:25:00,Not Engaged,R3,10
79,23,1,16,1,2,15:25:00,Engaged,R3,10
80,12,1,16,1,2,15:20:00,Not Engaged,R3,10
81,15,1,16,1,2,15:20:00,Highly Engaged,R3,10
82,8,1,16,1,2,15:20:00,Highly Engaged,R3,10
83,13,1,16,1,2,14:20:00,Highly Engaged,R3,10
84,18,1,16,1,2,14:20:00,Engaged,R3,10
85,21,1,15,1,2,14:20:00,Highly Engaged,R3,10
86,18,1,16,1,4,10:15:00,Not Engaged,Out,11
87,7,1,15,1,4,11:00:00,Not Engaged,R5,12
88,1,1,16,1,4,11:00:00,Highly Engaged,R5,12
89,20,1,16,1,4,11:00:00,Highly Engaged,R5,12
90,21,1,15,1,4,11:00:00,Engaged,R5,12
91,6,1,16,1,4,11:00:00,Highly Engaged,R5,12
92,22,1,16,1,4,11:00:00,Highly Engaged,R5,12
93,15,1,16,1,4,11:00:00,Highly Engaged,R5,12
94,4,1,16,1,4,10:55:00,Highly Engaged,R5,12
95,5,1,16,1,4,10:55:00,Engaged,R5,12
96,17,1,16,1,4,10:55:00,Highly Engaged,R5,12
97,19,1,16,1,4,10:55:00,Not Engaged,R5,12
98,14,1,16,1,4,10:55:00,Not Engaged,R5,12
99,3,1,16,1,4,10:55:00,Highly Engaged,R5,12
100,12,1,16,1,4,10:30:00,Highly Engaged,R5,12
101,8,1,16,1,4,10:25:00,Highly Engaged,R5,12
102,23,1,16,1,4,11:40:00,Highly Engaged,R5,13
103,14,1,16,1,4,13:20:00,Not Engaged,R3,14
104,20,1,16,1,4,13:20:00,Highly Engaged,R3,14
105,10,1,15,1,4,13:15:00,Not Engaged,R3,14
106,10,1,15,1,4,13:15:00,Not Engaged,R3,14
107,4,1,16,1,4,13:15:00,Highly Engaged,R3,14
108,21,1,15,1,4,13:15:00,Not Engaged,R3,14
109,1,1,16,1,4,13:10:00,Highly Engaged,R3,14
110,11,1,16,1,4,13:10:00,Not Engaged,R3,14
111,23,1,16,1,4,13:10:00,Not Engaged,R3,14
112,17,1,16,1,4,13:10:00,Highly Engaged,R3,14
113,19,1,16,1,4,13:10:00,Highly Engaged,R3,14
114,15,1,16,1,4,13:10:00,Highly Engaged,R3,14
115,18,1,16,1,4,13:00:00,Not Engaged,R3,14
116,9,1,17,1,4,15:35:00,Highly Engaged,R3,15
117,15,1,16,1,4,15:35:00,Highly Engaged,R3,15
118,22,1,16,1,4,15:35:00,Highly Engaged,R3,15
119,6,1,16,1,4,15:35:00,Highly Engaged,R3,15
120,3,1,16,1,4,15:35:00,Highly Engaged,R3,15
121,8,1,16,1,4,15:35:00,Highly Engaged,R3,15
122,20,1,16,1,4,15:30:00,Highly Engaged,R3,15
123,1,1,16,1,4,15:30:00,Highly Engaged,R3,15
124,5,1,16,1,4,15:30:00,Not Engaged,R3,15
125,4,1,16,1,4,15:30:00,Highly Engaged,R3,15
126,18,1,16,1,4,15:25:00,Highly Engaged,R3,15
127,14,1,16,1,4,15:25:00,Not Engaged,R3,15
128,17,1,16,1,4,15:25:00,Highly Engaged,R3,15
129,10,1,15,1,4,15:25:00,Engaged,R3,15
130,11,1,16,1,4,15:25:00,Highly Engaged,R3,15
131,19,1,16,1,4,15:10:00,Highly Engaged,R3,15
132,23,1,16,1,4,15:10:00,Engaged,R3,15
133,11,1,16,1,4,14:55:00,Engaged,R3,15
134,8,1,16,1,4,14:25:00,Not Engaged,R3,15
135,7,1,15,1,4,14:15:00,Not Engaged,R3,15
136,18,1,16,1,5,10:00:00,Not Engaged,R3,16
137,5,1,16,1,5,11:00:00,Highly Engaged,R3,17
138,22,1,16,1,5,11:00:00,Highly Engaged,R3,17
139,1,1,16,1,5,11:00:00,Highly Engaged,R3,17
140,14,1,16,1,5,11:00:00,Not Engaged,R3,17
141,3,1,16,1,5,10:55:00,Highly Engaged,R3,17
142,9,1,17,1,5,10:55:00,Highly Engaged,R3,17
143,23,1,16,1,5,10:50:00,Engaged,R3,17
144,11,1,16,1,5,10:45:00,Engaged,R3,17
145,10,1,15,1,5,10:40:00,Not Engaged,R3,17
146,10,1,15,1,5,12:45:00,Not Engaged,R3,18
147,1,1,16,1,5,12:40:00,Not Engaged,R3,18
148,7,1,15,1,5,12:35:00,Highly Engaged,R3,18
149,14,1,16,1,5,12:10:00,Not Engaged,R3,18
150,16,1,16,1,5,12:10:00,Engaged,R3,18
151,22,1,16,1,5,12:10:00,Engaged,R3,18
152,20,1,16,1,5,12:10:00,Highly Engaged,R3,18
153,21,1,15,1,5,12:10:00,Highly Engaged,R3,18
154,17,1,16,1,5,12:05:00,Highly Engaged,R3,18
155,15,1,16,1,5,12:05:00,Engaged,R3,18
156,7,1,15,1,5,11:30:00,Not Engaged,R3,18
157,6,1,16,1,5,11:30:00,Highly Engaged,R3,18
158,10,1,15,1,5,12:45:00,Not Engaged,R3,19
159,21,1,15,1,5,15:05:00,Engaged,R3,20
160,16,1,16,2,1,10:55:00,Highly Engaged,R3,22
161,22,1,16,2,1,10:55:00,Engaged,R3,22
162,14,1,16,2,1,10:55:00,Not Engaged,R3,22
163,18,1,16,2,1,10:30:00,Not Engaged,R3,22
164,3,1,16,2,1,11:25:00,Highly Engaged,R3,23
165,7,1,15,2,1,11:25:00,Highly Engaged,R3,23
166,5,1,16,2,1,11:25:00,Highly Engaged,R3,23
167,3,1,16,2,1,13:25:00,Highly Engaged,R3,24
168,7,1,15,2,1,13:10:00,Not Engaged,R3,24
169,18,1,16,2,1,13:10:00,Not Engaged,R3,24
170,12,1,16,2,1,12:10:00,Engaged,R3,24
171,3,1,16,2,1,15:35:00,Highly Engaged,R5,25
172,22,1,16,2,1,15:35:00,Highly Engaged,R5,25
173,14,1,16,2,1,15:35:00,Not Engaged,R5,25
174,11,1,16,2,1,15:35:00,Engaged,R5,25
175,21,1,15,2,1,15:30:00,Highly Engaged,R5,25
176,13,1,16,2,1,15:30:00,Highly Engaged,R5,25
177,18,1,16,2,1,15:25:00,Highly Engaged,R5,25
178,12,1,16,2,1,15:20:00,Not Engaged,R5,25
179,23,1,16,2,1,15:20:00,Highly Engaged,R5,25
180,11,1,16,2,1,15:20:00,Engaged,R5,25
181,11,1,16,2,1,14:25:00,Engaged,R5,25
182,23,1,16,2,1,14:20:00,Not Engaged,R5,25
183,23,1,16,2,1,14:20:00,Highly Engaged,R5,25
184,14,1,16,2,2,10:55:00,Not Engaged,R3,27
185,7,1,15,2,2,10:50:00,Not Engaged,R3,27
186,7,1,15,2,2,10:50:00,Not Engaged,R3,27
187,23,1,16,2,2,10:50:00,Highly Engaged,R3,27
188,21,1,15,2,2,13:25:00,Engaged,R3,29
189,12,1,16,2,2,13:20:00,Highly Engaged,R3,29
190,12,1,16,2,2,13:20:00,Engaged,R3,29
191,7,1,15,2,2,13:20:00,Highly Engaged,R3,29
192,3,1,16,2,2,13:20:00,Highly Engaged,R3,29
193,5,1,16,2,2,13:20:00,Highly Engaged,R3,29
194,8,1,16,2,2,13:10:00,Not Engaged,R3,29
195,13,1,16,2,2,13:10:00,Not Engaged,R3,29
196,21,1,15,2,2,12:45:00,Engaged,R3,29
197,5,1,16,2,2,12:10:00,Highly Engaged,R3,29
198,3,1,16,2,2,15:35:00,Highly Engaged,R3,30
199,21,1,15,2,2,15:35:00,Not Engaged,R3,30
200,13,1,16,2,2,15:30:00,Highly Engaged,R3,30
201,14,1,16,2,2,15:30:00,Not Engaged,R3,30
202,8,1,16,2,2,15:05:00,Highly Engaged,R3,30
203,14,1,16,2,2,14:20:00,Not Engaged,R3,30
204,22,1,16,2,4,11:00:00,Highly Engaged,R3,32
205,13,1,16,2,4,10:55:00,Highly Engaged,R3,32
206,23,1,16,2,4,10:55:00,Highly Engaged,R3,32
207,21,1,15,2,4,10:55:00,Not Engaged,R3,32
208,3,1,16,2,4,10:50:00,Not Engaged,R3,32
209,18,1,16,2,4,10:45:00,Not Engaged,R3,32
210,7,1,15,2,4,11:25:00,Not Engaged,R3,33
211,14,1,16,2,4,11:25:00,Not Engaged,R3,33
212,22,1,16,2,4,13:20:00,Not Engaged,R3,34
213,14,1,16,2,4,13:20:00,Not Engaged,R3,34
214,18,1,16,2,4,12:55:00,Highly Engaged,R3,34
215,6,1,16,2,4,15:30:00,Engaged,R3,35
216,4,1,16,2,4,15:30:00,Highly Engaged,R3,35
217,3,1,16,2,4,15:30:00,Highly Engaged,R3,35
218,4,1,16,2,4,15:30:00,Highly Engaged,R3,35
219,21,1,15,2,4,15:30:00,Not Engaged,R3,35
220,4,1,16,2,4,15:30:00,Highly Engaged,R3,35
221,4,1,16,2,4,15:30:00,Highly Engaged,R3,35
222,13,1,16,2,4,15:30:00,Highly Engaged,R3,35
223,5,1,16,2,4,15:30:00,Highly Engaged,R3,35
224,22,1,16,2,4,15:30:00,Highly Engaged,R3,35
225,14,1,16,2,4,15:30:00,Not Engaged,R3,35
226,18,1,16,2,4,15:15:00,Not Engaged,R3,35
227,7,1,15,2,4,14:55:00,Not Engaged,R3,35
228,3,1,16,2,5,11:00:00,Highly Engaged,R7,37
229,6,1,16,2,5,11:00:00,Highly Engaged,R7,37
230,5,1,16,2,5,12:40:00,Highly Engaged,R3,38
231,3,1,16,2,5,12:40:00,Highly Engaged,R3,38
232,6,1,16,2,5,12:40:00,Engaged,R3,38
233,7,1,15,2,5,12:40:00,Not Engaged,R3,38
234,14,1,16,2,5,12:35:00,Not Engaged,R3,38
235,18,1,16,2,5,12:30:00,Not Engaged,R3,38
236,22,1,16,2,5,12:30:00,Highly Engaged,R3,38
237,21,1,15,2,5,11:45:00,Not Engaged,R3,38
238,23,1,16,2,5,11:30:00,Highly Engaged,R3,38
239,18,1,16,2,5,11:25:00,Not Engaged,R3,38
240,13,1,16,2,5,11:25:00,Engaged,R3,38
241,14,1,16,2,5,11:25:00,Not Engaged,R3,38
242,22,1,16,2,5,11:25:00,Highly Engaged,R3,38
243,15,1,16,3,1,10:55:00,Not Engaged,R3,42
244,20,1,16,3,1,10:50:00,Highly Engaged,R3,42
245,21,1,15,3,1,10:50:00,Engaged,R3,42
246,19,1,16,3,1,10:50:00,Not Engaged,R3,42
247,17,1,16,3,1,10:50:00,Engaged,R3,42
248,18,1,16,3,1,10:30:00,Engaged,R3,42
249,16,1,16,3,1,11:25:00,Highly Engaged,R3,43
250,22,1,16,3,1,11:25:00,Highly Engaged,R3,43
251,1,1,16,3,1,13:15:00,Not Engaged,R3,44
252,7,1,15,3,1,13:10:00,Not Engaged,R3,44
253,17,1,16,3,1,13:00:00,Highly Engaged,R3,44
254,1,1,16,3,1,12:15:00,Not Engaged,R3,44
255,17,1,16,3,1,15:35:00,Highly Engaged,R5,45
256,19,1,16,3,1,15:35:00,Not Engaged,R5,45
257,21,1,15,3,1,15:30:00,Not Engaged,R5,45
258,1,1,16,3,1,15:30:00,Highly Engaged,R5,45
259,13,1,16,3,1,15:30:00,Highly Engaged,R5,45
260,16,1,16,3,1,15:25:00,Highly Engaged,R5,45
261,14,1,16,3,1,15:25:00,Highly Engaged,R5,45
262,22,1,16,3,1,15:25:00,Highly Engaged,R5,45
263,18,1,16,3,1,15:25:00,Engaged,R5,45
264,7,1,15,3,1,15:20:00,Not Engaged,R5,45
265,18,1,16,3,1,14:20:00,Not Engaged,R5,45
266,13,1,16,3,1,14:20:00,Highly Engaged,R5,45
267,21,1,15,3,1,14:20:00,Highly Engaged,R5,45
268,20,1,16,3,1,14:15:00,Highly Engaged,R5,45
269,10,1,15,3,2,09:15:00,Not Engaged,R5,46
270,11,1,16,3,2,09:15:00,Engaged,R5,46
271,23,1,16,3,2,09:00:00,Highly Engaged,R5,46
272,6,1,16,3,2,09:00:00,Not Engaged,R5,46
273,5,1,16,3,2,09:00:00,Highly Engaged,R5,46
274,1,1,16,3,2,10:55:00,Highly Engaged,R3,47
275,18,1,16,3,2,10:55:00,Not Engaged,R3,47
276,20,1,16,3,2,11:50:00,Highly Engaged,R3,48
277,22,1,16,3,2,11:30:00,Highly Engaged,R3,48
278,21,1,15,3,2,11:25:00,Engaged,R3,48
279,10,1,15,3,2,11:25:00,Not Engaged,R3,48
280,21,1,15,3,2,13:25:00,Highly Engaged,R3,49
281,3,1,16,3,2,13:15:00,Not Engaged,R3,49
282,4,1,16,3,2,13:10:00,Highly Engaged,R3,49
283,6,1,16,3,2,13:10:00,Engaged,R3,49
284,18,1,16,3,2,13:10:00,Not Engaged,R3,49
285,17,1,16,3,2,13:05:00,Highly Engaged,R3,49
286,23,1,16,3,2,12:20:00,Highly Engaged,R3,49
287,22,1,16,3,2,12:10:00,Highly Engaged,R3,49
288,16,1,16,3,2,12:10:00,Highly Engaged,R3,49
289,19,1,16,3,2,12:10:00,Highly Engaged,R3,49
290,22,1,16,3,2,15:30:00,Engaged,R3,50
291,16,1,16,3,2,15:30:00,Not Engaged,R3,50
292,14,1,16,3,2,15:30:00,Not Engaged,R3,50
293,20,1,16,3,2,15:20:00,Highly Engaged,R3,50
294,19,1,16,3,2,15:20:00,Highly Engaged,R3,50
295,17,1,16,3,2,15:20:00,Engaged,R3,50
296,15,1,16,3,2,15:20:00,Highly Engaged,R3,50
297,7,1,15,3,2,15:20:00,Highly Engaged,R3,50
298,18,1,16,3,2,15:20:00,Highly Engaged,R3,50
299,21,1,15,3,2,15:00:00,Not Engaged,R3,50
300,19,1,16,3,2,14:30:00,Engaged,R3,50
301,20,1,16,3,2,14:25:00,Highly Engaged,R3,50
302,11,1,16,3,4,09:05:00,Engaged,Out,51
303,22,1,16,3,4,11:00:00,Engaged,R3,52
304,1,1,16,3,4,12:00:00,Not Engaged,R3,53
305,20,1,16,3,4,11:55:00,Highly Engaged,R3,53
306,3,1,16,3,4,13:25:00,Engaged,R3,54
307,6,1,16,3,4,13:25:00,Highly Engaged,R3,54
308,15,1,16,3,4,13:10:00,Highly Engaged,R3,54
309,19,1,16,3,4,13:05:00,Highly Engaged,R3,54
310,13,1,16,3,4,13:05:00,Highly Engaged,R3,54
311,19,1,16,3,4,13:05:00,Engaged,R3,54
312,21,1,15,3,4,13:05:00,Not Engaged,R3,54
313,11,1,16,3,4,12:15:00,Highly Engaged,R3,54
314,10,1,15,3,4,12:15:00,Not Engaged,R3,54
315,1,1,16,3,4,15:35:00,Engaged,R3,55
316,21,1,15,3,4,15:20:00,Engaged,R3,55
317,13,1,16,3,4,14:25:00,Highly Engaged,R3,55
318,1,1,16,3,4,14:20:00,Not Engaged,R3,55
319,23,1,16,3,5,12:40:00,Not Engaged,R3,58
320,21,1,15,3,5,12:15:00,Highly Engaged,R3,58
321,1,1,16,3,5,11:50:00,Highly Engaged,R3,58
322,15,1,16,3,5,11:30:00,Highly Engaged,R3,58
323,20,1,16,3,5,11:30:00,Highly Engaged,R3,58
324,19,1,16,3,5,11:30:00,Highly Engaged,R3,58
325,17,1,16,3,5,11:30:00,Highly Engaged,R3,58
326,21,1,15,3,5,13:10:00,Highly Engaged,R3,59
327,2,1,17,3,5,13:10:00,Not Engaged,R3,59
328,1,1,16,3,5,13:10:00,Not Engaged,R3,59
329,15,1,16,3,5,15:25:00,Engaged,R3,60
330,21,1,15,3,5,15:20:00,Highly Engaged,R3,60
331,19,1,16,3,5,15:20:00,Not Engaged,R3,60
332,19,1,16,3,5,15:15:00,Highly Engaged,R3,60
333,1,1,16,3,5,15:10:00,Not Engaged,R3,60
334,2,1,17,3,5,15:10:00,Highly Engaged,R3,60
335,3,1,16,3,5,15:05:00,Not Engaged,R3,60
336,6,1,16,3,5,15:05:00,Not Engaged,R3,60
337,1,1,16,4,1,11:25:00,Highly Engaged,R3,63
338,18,1,16,4,1,11:25:00,Highly Engaged,R3,63
339,22,1,16,4,1,13:25:00,Engaged,R3,64
340,20,1,16,4,1,13:20:00,Highly Engaged,R3,64
341,20,1,16,4,1,13:20:00,Highly Engaged,R3,64
342,21,1,15,4,1,13:20:00,Not Engaged,R3,64
343,3,1,16,4,1,13:15:00,Highly Engaged,R3,64
344,15,1,16,4,1,12:35:00,Engaged,R3,64
345,19,1,16,4,1,12:30:00,Engaged,R3,64
346,19,1,16,4,1,15:30:00,Highly Engaged,R3,65
347,15,1,16,4,1,15:30:00,Highly Engaged,R3,65
348,2,1,17,4,1,15:25:00,Not Engaged,R3,65
349,22,1,16,4,1,15:15:00,Engaged,R3,65
350,19,1,16,4,1,14:20:00,Engaged,R3,65
351,15,1,16,4,1,14:20:00,Highly Engaged,R3,65
352,1,1,16,4,1,14:15:00,Highly Engaged,R3,65
353,11,1,16,4,4,09:35:00,Highly Engaged,Out,71
354,15,1,16,4,4,11:00:00,Highly Engaged,R5,72
355,18,1,16,4,4,10:55:00,Highly Engaged,R5,72
356,19,1,16,4,4,10:50:00,Engaged,R5,72
357,2,1,17,4,4,11:35:00,Not Engaged,R5,73
358,16,1,16,4,4,13:25:00,Not Engaged,R3,74
359,11,1,16,4,4,13:25:00,Engaged,R3,74
360,2,1,17,4,4,13:25:00,Highly Engaged,R3,74
361,20,1,16,4,4,13:20:00,Highly Engaged,R3,74
362,13,1,16,4,4,13:20:00,Highly Engaged,R3,74
363,19,1,16,4,4,13:20:00,Engaged,R3,74
364,21,1,15,4,4,13:20:00,Not Engaged,R3,74
365,21,1,15,4,4,12:40:00,Not Engaged,R3,74
366,3,1,16,4,4,15:35:00,Highly Engaged,R3,75
367,18,1,16,4,4,15:25:00,Highly Engaged,R3,75
368,2,1,17,4,4,15:25:00,Highly Engaged,R3,75
369,19,1,16,4,4,15:20:00,Highly Engaged,R3,75
370,12,1,16,4,4,15:10:00,Engaged,R3,75
371,21,1,15,4,4,15:10:00,Engaged,R3,75
372,18,1,16,4,4,14:15:00,Not Engaged,R3,75
373,19,1,16,4,5,11:00:00,Engaged,R3,77
374,2,1,17,4,5,10:40:00,Not Engaged,R3,77
375,21,1,15,4,5,12:40:00,Highly Engaged,R3,78
376,6,1,16,4,5,12:10:00,Not Engaged,R3,78
377,3,1,16,4,5,11:50:00,Not Engaged,R3,78
378,1,1,16,4,5,11:25:00,Not Engaged,R3,78
379,19,1,16,4,5,13:25:00,Engaged,R3,79
380,2,1,17,4,5,15:30:00,Highly Engaged,R3,80
381,1,1,16,4,5,15:30:00,Not Engaged,R3,80
382,3,1,16,4,5,15:30:00,Engaged,R3,80
383,2,1,17,4,5,14:15:00,Highly Engaged,R3,80
384,1,1,16,4,5,14:15:00,Not Engaged,R3,80
385,15,1,16,1,1,11:00:00,Highly Engaged,R2,81
386,20,1,16,1,1,11:00:00,Highly Engaged,R2,81
387,13,1,16,1,1,11:00:00,Engaged,R2,81
388,23,1,16,1,1,11:00:00,Highly Engaged,R2,81
389,21,1,15,1,1,11:00:00,Not Engaged,R2,81
390,1,1,16,1,1,10:55:00,Not Engaged,R2,81
391,14,1,16,1,1,10:55:00,Not Engaged,R2,81
392,9,1,17,1,1,10:55:00,Highly Engaged,R2,81
393,3,1,16,1,1,10:00:00,Highly Engaged,R2,81
394,18,1,16,1,1,10:00:00,Not Engaged,R2,81
395,8,1,16,1,1,10:00:00,Highly Engaged,R2,81
396,10,1,15,1,1,11:55:00,Not Engaged,R2,82
397,12,1,16,1,1,11:30:00,Not Engaged,R2,82
398,8,1,16,1,1,13:25:00,Highly Engaged,R2,83
399,15,1,16,1,1,13:25:00,Highly Engaged,R2,83
400,5,1,16,1,1,13:20:00,Highly Engaged,R2,83
401,6,1,16,1,1,13:20:00,Highly Engaged,R2,83
402,20,1,16,1,1,13:20:00,Highly Engaged,R2,83
403,18,1,16,1,1,13:20:00,Not Engaged,R2,83
404,3,1,16,1,1,13:20:00,Highly Engaged,R2,83
405,9,1,17,1,1,13:20:00,Engaged,R2,83
406,14,1,16,1,1,13:20:00,Not Engaged,R2,83
407,10,1,15,1,1,13:20:00,Not Engaged,R2,83
408,12,1,16,1,1,15:35:00,Not Engaged,Out,84
409,8,1,16,1,1,15:35:00,Highly Engaged,Out,84
410,7,1,15,1,1,15:35:00,Not Engaged,Out,84
411,5,1,16,1,1,15:35:00,Highly Engaged,Out,84
412,6,1,16,1,1,15:35:00,Highly Engaged,Out,84
413,4,1,16,1,1,15:35:00,Highly Engaged,Out,84
414,3,1,16,1,1,15:35:00,Highly Engaged,Out,84
415,1,1,16,1,1,15:35:00,Highly Engaged,Out,84
416,15,1,16,1,1,15:30:00,Engaged,Out,84
417,20,1,16,1,1,15:30:00,Highly Engaged,Out,84
418,18,1,16,1,1,15:30:00,Not Engaged,Out,84
419,21,1,15,1,1,15:30:00,Highly Engaged,Out,84
420,13,1,16,1,1,15:30:00,Highly Engaged,Out,84
421,14,1,16,1,1,15:25:00,Not Engaged,Out,84
422,1,1,16,1,1,14:20:00,Highly Engaged,Out,84
423,5,1,16,1,2,11:00:00,Highly Engaged,R2,86
424,6,1,16,1,2,11:00:00,Highly Engaged,R2,86
425,13,1,16,1,2,11:00:00,Highly Engaged,R2,86
426,7,1,15,1,2,11:00:00,Engaged,R2,86
427,17,1,16,1,2,11:00:00,Highly Engaged,R2,86
428,20,1,16,1,2,11:00:00,Highly Engaged,R2,86
429,3,1,16,1,2,11:00:00,Engaged,R2,86
430,15,1,16,1,2,11:00:00,Engaged,R2,86
431,9,1,17,1,2,11:00:00,Highly Engaged,R2,86
432,8,1,16,1,2,10:55:00,Highly Engaged,R2,86
433,12,1,16,1,2,10:55:00,Engaged,R2,86
434,19,1,16,1,2,10:55:00,Highly Engaged,R2,86
435,23,1,16,1,2,10:55:00,Highly Engaged,R2,86
436,1,1,16,1,2,10:55:00,Highly Engaged,R2,86
437,21,1,15,1,2,10:55:00,Highly Engaged,R2,86
438,18,1,16,1,2,10:40:00,Not Engaged,R2,86
439,19,1,16,1,2,13:25:00,Engaged,R5,88
440,17,1,16,1,2,13:25:00,Highly Engaged,R5,88
441,5,1,16,1,2,13:25:00,Highly Engaged,R5,88
442,15,1,16,1,2,13:25:00,Engaged,R5,88
443,6,1,16,1,2,13:25:00,Highly Engaged,R5,88
444,1,1,16,1,2,13:20:00,Highly Engaged,R5,88
445,3,1,16,1,2,13:20:00,Highly Engaged,R5,88
446,12,1,16,1,2,13:15:00,Not Engaged,R5,88
447,9,1,17,1,2,13:10:00,Highly Engaged,R5,88
448,10,1,15,1,2,13:10:00,Not Engaged,R5,88
449,11,1,16,1,2,13:10:00,Not Engaged,R5,88
450,10,1,15,1,2,13:10:00,Not Engaged,R5,88
451,8,1,16,1,2,13:10:00,Engaged,R5,88
452,23,1,16,1,2,13:10:00,Engaged,R5,88
453,11,1,16,1,2,12:50:00,Engaged,R5,88
454,21,1,15,1,2,15:35:00,Not Engaged,R2,89
455,17,1,16,1,2,15:30:00,Highly Engaged,R2,89
456,6,1,16,1,2,15:30:00,Highly Engaged,R2,89
457,3,1,16,1,2,15:30:00,Highly Engaged,R2,89
458,1,1,16,1,2,15:30:00,Not Engaged,R2,89
459,20,1,16,1,2,15:30:00,Highly Engaged,R2,89
460,5,1,16,1,2,15:30:00,Highly Engaged,R2,89
461,14,1,16,1,2,15:30:00,Not Engaged,R2,89
462,19,1,16,1,2,15:30:00,Highly Engaged,R2,89
463,18,1,16,1,2,15:25:00,Not Engaged,R2,89
464,23,1,16,1,2,15:25:00,Engaged,R2,89
465,12,1,16,1,2,15:20:00,Not Engaged,R2,89
466,15,1,16,1,2,15:20:00,Highly Engaged,R2,89
467,8,1,16,1,2,15:20:00,Highly Engaged,R2,89
468,13,1,16,1,2,14:20:00,Highly Engaged,R2,89
469,18,1,16,1,2,14:20:00,Engaged,R2,89
470,21,1,15,1,2,14:20:00,Highly Engaged,R2,89
471,18,1,16,1,4,10:15:00,Not Engaged,R2,90
472,7,1,15,1,4,11:00:00,Not Engaged,R2,91
473,1,1,16,1,4,11:00:00,Highly Engaged,R2,91
474,20,1,16,1,4,11:00:00,Highly Engaged,R2,91
475,21,1,15,1,4,11:00:00,Engaged,R2,91
476,6,1,16,1,4,11:00:00,Highly Engaged,R2,91
477,22,1,16,1,4,11:00:00,Highly Engaged,R2,91
478,15,1,16,1,4,11:00:00,Highly Engaged,R2,91
479,4,1,16,1,4,10:55:00,Highly Engaged,R2,91
480,5,1,16,1,4,10:55:00,Engaged,R2,91
481,17,1,16,1,4,10:55:00,Highly Engaged,R2,91
482,19,1,16,1,4,10:55:00,Not Engaged,R2,91
483,14,1,16,1,4,10:55:00,Not Engaged,R2,91
484,3,1,16,1,4,10:55:00,Highly Engaged,R2,91
485,12,1,16,1,4,10:30:00,Highly Engaged,R2,91
486,8,1,16,1,4,10:25:00,Highly Engaged,R2,91
487,23,1,16,1,4,11:40:00,Highly Engaged,R2,92
488,14,1,16,1,4,13:20:00,Not Engaged,R2,93
489,20,1,16,1,4,13:20:00,Highly Engaged,R2,93
490,10,1,15,1,4,13:15:00,Not Engaged,R2,93
491,10,1,15,1,4,13:15:00,Not Engaged,R2,93
492,4,1,16,1,4,13:15:00,Highly Engaged,R2,93
493,21,1,15,1,4,13:15:00,Not Engaged,R2,93
494,1,1,16,1,4,13:10:00,Highly Engaged,R2,93
495,11,1,16,1,4,13:10:00,Not Engaged,R2,93
496,23,1,16,1,4,13:10:00,Not Engaged,R2,93
497,17,1,16,1,4,13:10:00,Highly Engaged,R2,93
498,19,1,16,1,4,13:10:00,Highly Engaged,R2,93
499,15,1,16,1,4,13:10:00,Highly Engaged,R2,93
500,18,1,16,1,4,13:00:00,Not Engaged,R2,93
501,9,1,17,1,4,15:35:00,Highly Engaged,R2,94
502,15,1,16,1,4,15:35:00,Highly Engaged,R2,94
503,22,1,16,1,4,15:35:00,Highly Engaged,R2,94
504,6,1,16,1,4,15:35:00,Highly Engaged,R2,94
505,3,1,16,1,4,15:35:00,Highly Engaged,R2,94
506,8,1,16,1,4,15:35:00,Highly Engaged,R2,94
507,20,1,16,1,4,15:30:00,Highly Engaged,R2,94
508,1,1,16,1,4,15:30:00,Highly Engaged,R2,94
509,5,1,16,1,4,15:30:00,Not Engaged,R2,94
510,4,1,16,1,4,15:30:00,Highly Engaged,R2,94
511,18,1,16,1,4,15:25:00,Highly Engaged,R2,94
512,14,1,16,1,4,15:25:00,Not Engaged,R2,94
513,17,1,16,1,4,15:25:00,Highly Engaged,R2,94
514,10,1,15,1,4,15:25:00,Engaged,R2,94
515,11,1,16,1,4,15:25:00,Highly Engaged,R2,94
516,19,1,16,1,4,15:10:00,Highly Engaged,R2,94
517,23,1,16,1,4,15:10:00,Engaged,R2,94
518,11,1,16,1,4,14:55:00,Engaged,R2,94
519,8,1,16,1,4,14:25:00,Not Engaged,R2,94
520,7,1,15,1,4,14:15:00,Not Engaged,R2,94
521,18,1,16,1,5,10:00:00,Not Engaged,R2,95
522,5,1,16,1,5,11:00:00,Highly Engaged,R5,96
523,22,1,16,1,5,11:00:00,Highly Engaged,R5,96
524,1,1,16,1,5,11:00:00,Highly Engaged,R5,96
525,14,1,16,1,5,11:00:00,Not Engaged,R5,96
526,3,1,16,1,5,10:55:00,Highly Engaged,R5,96
527,9,1,17,1,5,10:55:00,Highly Engaged,R5,96
528,23,1,16,1,5,10:50:00,Engaged,R5,96
529,11,1,16,1,5,10:45:00,Engaged,R5,96
530,10,1,15,1,5,10:40:00,Not Engaged,R5,96
531,17,1,16,1,5,12:05:00,Highly Engaged,R5,97
532,15,1,16,1,5,12:05:00,Engaged,R5,97
533,7,1,15,1,5,11:30:00,Not Engaged,R5,97
534,6,1,16,1,5,11:30:00,Highly Engaged,R5,97
535,10,1,15,1,5,12:45:00,Not Engaged,R2,98
536,1,1,16,1,5,12:40:00,Not Engaged,R2,98
537,7,1,15,1,5,12:35:00,Highly Engaged,R2,98
538,14,1,16,1,5,12:10:00,Not Engaged,R2,98
539,16,1,16,1,5,12:10:00,Engaged,R2,98
540,22,1,16,1,5,12:10:00,Engaged,R2,98
541,20,1,16,1,5,12:10:00,Highly Engaged,R2,98
542,21,1,15,1,5,12:10:00,Highly Engaged,R2,98
543,17,1,16,1,5,12:05:00,Highly Engaged,R2,98
544,15,1,16,1,5,12:05:00,Engaged,R2,98
545,10,1,15,1,5,12:45:00,Not Engaged,R2,99
546,21,1,15,1,5,15:05:00,Engaged,R2,100
547,16,1,16,2,1,10:55:00,Highly Engaged,R5,102
548,22,1,16,2,1,10:55:00,Engaged,R5,102
549,14,1,16,2,1,10:55:00,Not Engaged,R5,102
550,18,1,16,2,1,10:30:00,Not Engaged,R5,102
551,3,1,16,2,1,11:25:00,Highly Engaged,R5,103
552,7,1,15,2,1,11:25:00,Highly Engaged,R5,103
553,5,1,16,2,1,11:25:00,Highly Engaged,R5,103
554,3,1,16,2,1,13:25:00,Highly Engaged,R2,104
555,7,1,15,2,1,13:10:00,Not Engaged,R2,104
556,18,1,16,2,1,13:10:00,Not Engaged,R2,104
557,12,1,16,2,1,12:10:00,Engaged,R2,104
558,3,1,16,2,1,15:35:00,Highly Engaged,R2,105
559,22,1,16,2,1,15:35:00,Highly Engaged,R2,105
560,14,1,16,2,1,15:35:00,Not Engaged,R2,105
561,11,1,16,2,1,15:35:00,Engaged,R2,105
562,21,1,15,2,1,15:30:00,Highly Engaged,R2,105
563,13,1,16,2,1,15:30:00,Highly Engaged,R2,105
564,18,1,16,2,1,15:25:00,Highly Engaged,R2,105
565,12,1,16,2,1,15:20:00,Not Engaged,R2,105
566,23,1,16,2,1,15:20:00,Highly Engaged,R2,105
567,11,1,16,2,1,15:20:00,Engaged,R2,105
568,11,1,16,2,1,14:25:00,Engaged,R2,105
569,23,1,16,2,1,14:20:00,Not Engaged,R2,105
570,23,1,16,2,1,14:20:00,Highly Engaged,R2,105
571,14,1,16,2,2,10:55:00,Not Engaged,R2,107
572,7,1,15,2,2,10:50:00,Not Engaged,R2,107
573,7,1,15,2,2,10:50:00,Not Engaged,R2,107
574,23,1,16,2,2,10:50:00,Highly Engaged,R2,107
575,21,1,15,2,2,13:25:00,Engaged,R2,109
576,12,1,16,2,2,13:20:00,Highly Engaged,R2,109
577,12,1,16,2,2,13:20:00,Engaged,R2,109
578,7,1,15,2,2,13:20:00,Highly Engaged,R2,109
579,3,1,16,2,2,13:20:00,Highly Engaged,R2,109
580,5,1,16,2,2,13:20:00,Highly Engaged,R2,109
581,8,1,16,2,2,13:10:00,Not Engaged,R2,109
582,13,1,16,2,2,13:10:00,Not Engaged,R2,109
583,21,1,15,2,2,12:45:00,Engaged,R2,109
584,5,1,16,2,2,12:10:00,Highly Engaged,R2,109
585,3,1,16,2,2,15:35:00,Highly Engaged,R2,110
586,21,1,15,2,2,15:35:00,Not Engaged,R2,110
587,13,1,16,2,2,15:30:00,Highly Engaged,R2,110
588,14,1,16,2,2,15:30:00,Not Engaged,R2,110
589,8,1,16,2,2,15:05:00,Highly Engaged,R2,110
590,14,1,16,2,2,14:20:00,Not Engaged,R2,110
591,22,1,16,2,4,11:00:00,Highly Engaged,R2,112
592,13,1,16,2,4,10:55:00,Highly Engaged,R2,112
593,23,1,16,2,4,10:55:00,Highly Engaged,R2,112
594,21,1,15,2,4,10:55:00,Not Engaged,R2,112
595,3,1,16,2,4,10:50:00,Not Engaged,R2,112
596,18,1,16,2,4,10:45:00,Not Engaged,R2,112
597,7,1,15,2,4,11:25:00,Not Engaged,R2,113
598,14,1,16,2,4,11:25:00,Not Engaged,R2,113
599,22,1,16,2,4,13:20:00,Not Engaged,R2,114
600,14,1,16,2,4,13:20:00,Not Engaged,R2,114
601,18,1,16,2,4,12:55:00,Highly Engaged,R2,114
602,6,1,16,2,4,15:30:00,Engaged,R2,115
603,4,1,16,2,4,15:30:00,Highly Engaged,R2,115
604,3,1,16,2,4,15:30:00,Highly Engaged,R2,115
605,4,1,16,2,4,15:30:00,Highly Engaged,R2,115
606,21,1,15,2,4,15:30:00,Not Engaged,R2,115
607,4,1,16,2,4,15:30:00,Highly Engaged,R2,115
608,4,1,16,2,4,15:30:00,Highly Engaged,R2,115
609,13,1,16,2,4,15:30:00,Highly Engaged,R2,115
610,5,1,16,2,4,15:30:00,Highly Engaged,R2,115
611,22,1,16,2,4,15:30:00,Highly Engaged,R2,115
612,14,1,16,2,4,15:30:00,Not Engaged,R2,115
613,18,1,16,2,4,15:15:00,Not Engaged,R2,115
614,7,1,15,2,4,14:55:00,Not Engaged,R2,115
615,5,1,16,2,5,12:40:00,Highly Engaged,R5,117
616,3,1,16,2,5,12:40:00,Highly Engaged,R5,117
617,6,1,16,2,5,12:40:00,Engaged,R5,117
618,7,1,15,2,5,12:40:00,Not Engaged,R5,117
619,14,1,16,2,5,12:35:00,Not Engaged,R5,117
620,18,1,16,2,5,12:30:00,Not Engaged,R5,117
621,22,1,16,2,5,12:30:00,Highly Engaged,R5,117
622,21,1,15,2,5,11:45:00,Not Engaged,R5,117
623,23,1,16,2,5,11:30:00,Highly Engaged,R5,117
624,18,1,16,2,5,11:25:00,Not Engaged,R5,117
625,13,1,16,2,5,11:25:00,Engaged,R5,117
626,14,1,16,2,5,11:25:00,Not Engaged,R5,117
627,22,1,16,2,5,11:25:00,Highly Engaged,R5,117
628,15,1,16,3,1,10:55:00,Not Engaged,R5,121
629,20,1,16,3,1,10:50:00,Highly Engaged,R5,121
630,21,1,15,3,1,10:50:00,Engaged,R5,121
631,19,1,16,3,1,10:50:00,Not Engaged,R5,121
632,17,1,16,3,1,10:50:00,Engaged,R5,121
633,18,1,16,3,1,10:30:00,Engaged,R5,121
634,16,1,16,3,1,11:25:00,Highly Engaged,R5,122
635,22,1,16,3,1,11:25:00,Highly Engaged,R5,122
636,1,1,16,3,1,13:15:00,Not Engaged,R2,123
637,7,1,15,3,1,13:10:00,Not Engaged,R2,123
638,17,1,16,3,1,13:00:00,Highly Engaged,R2,123
639,1,1,16,3,1,12:15:00,Not Engaged,R2,123
640,17,1,16,3,1,15:35:00,Highly Engaged,R2,124
641,19,1,16,3,1,15:35:00,Not Engaged,R2,124
642,21,1,15,3,1,15:30:00,Not Engaged,R2,124
643,1,1,16,3,1,15:30:00,Highly Engaged,R2,124
644,13,1,16,3,1,15:30:00,Highly Engaged,R2,124
645,16,1,16,3,1,15:25:00,Highly Engaged,R2,124
646,14,1,16,3,1,15:25:00,Highly Engaged,R2,124
647,22,1,16,3,1,15:25:00,Highly Engaged,R2,124
648,18,1,16,3,1,15:25:00,Engaged,R2,124
649,7,1,15,3,1,15:20:00,Not Engaged,R2,124
650,18,1,16,3,1,14:20:00,Not Engaged,R2,124
651,13,1,16,3,1,14:20:00,Highly Engaged,R2,124
652,21,1,15,3,1,14:20:00,Highly Engaged,R2,124
653,20,1,16,3,1,14:15:00,Highly Engaged,R2,124
654,10,1,15,3,2,09:15:00,Not Engaged,R5,125
655,11,1,16,3,2,09:15:00,Engaged,R5,125
656,23,1,16,3,2,09:00:00,Highly Engaged,R5,125
657,6,1,16,3,2,09:00:00,Not Engaged,R5,125
658,5,1,16,3,2,09:00:00,Highly Engaged,R5,125
659,1,1,16,3,2,10:55:00,Highly Engaged,R2,126
660,18,1,16,3,2,10:55:00,Not Engaged,R2,126
661,20,1,16,3,2,11:50:00,Highly Engaged,R2,127
662,22,1,16,3,2,11:30:00,Highly Engaged,R2,127
663,21,1,15,3,2,11:25:00,Engaged,R2,127
664,10,1,15,3,2,11:25:00,Not Engaged,R2,127
665,21,1,15,3,2,13:25:00,Highly Engaged,R2,128
666,3,1,16,3,2,13:15:00,Not Engaged,R2,128
667,4,1,16,3,2,13:10:00,Highly Engaged,R2,128
668,6,1,16,3,2,13:10:00,Engaged,R2,128
669,18,1,16,3,2,13:10:00,Not Engaged,R2,128
670,17,1,16,3,2,13:05:00,Highly Engaged,R2,128
671,23,1,16,3,2,12:20:00,Highly Engaged,R2,128
672,22,1,16,3,2,12:10:00,Highly Engaged,R2,128
673,16,1,16,3,2,12:10:00,Highly Engaged,R2,128
674,19,1,16,3,2,12:10:00,Highly Engaged,R2,128
675,22,1,16,3,2,15:30:00,Engaged,R2,129
676,16,1,16,3,2,15:30:00,Not Engaged,R2,129
677,14,1,16,3,2,15:30:00,Not Engaged,R2,129
678,20,1,16,3,2,15:20:00,Highly Engaged,R2,129
679,19,1,16,3,2,15:20:00,Highly Engaged,R2,129
680,17,1,16,3,2,15:20:00,Engaged,R2,129
681,15,1,16,3,2,15:20:00,Highly Engaged,R2,129
682,7,1,15,3,2,15:20:00,Highly Engaged,R2,129
683,18,1,16,3,2,15:20:00,Highly Engaged,R2,129
684,21,1,15,3,2,15:00:00,Not Engaged,R2,129
685,19,1,16,3,2,14:30:00,Engaged,R2,129
686,20,1,16,3,2,14:25:00,Highly Engaged,R2,129
687,11,1,16,3,4,09:05:00,Engaged,R2,130
688,22,1,16,3,4,11:00:00,Engaged,R2,131
689,1,1,16,3,4,12:00:00,Not Engaged,R2,132
690,20,1,16,3,4,11:55:00,Highly Engaged,R2,132
691,3,1,16,3,4,13:25:00,Engaged,R2,133
692,6,1,16,3,4,13:25:00,Highly Engaged,R2,133
693,15,1,16,3,4,13:10:00,Highly Engaged,R2,133
694,19,1,16,3,4,13:05:00,Highly Engaged,R2,133
695,13,1,16,3,4,13:05:00,Highly Engaged,R2,133
696,19,1,16,3,4,13:05:00,Engaged,R2,133
697,21,1,15,3,4,13:05:00,Not Engaged,R2,133
698,11,1,16,3,4,12:15:00,Highly Engaged,R2,133
699,10,1,15,3,4,12:15:00,Not Engaged,R2,133
700,1,1,16,3,4,15:35:00,Engaged,R2,134
701,21,1,15,3,4,15:20:00,Engaged,R2,134
702,13,1,16,3,4,14:25:00,Highly Engaged,R2,134
703,1,1,16,3,4,14:20:00,Not Engaged,R2,134
704,23,1,16,3,5,12:40:00,Not Engaged,R5,136
705,21,1,15,3,5,12:15:00,Highly Engaged,R5,136
706,1,1,16,3,5,11:50:00,Highly Engaged,R5,136
707,15,1,16,3,5,11:30:00,Highly Engaged,R5,136
708,20,1,16,3,5,11:30:00,Highly Engaged,R5,136
709,19,1,16,3,5,11:30:00,Highly Engaged,R5,136
710,17,1,16,3,5,11:30:00,Highly Engaged,R5,136
711,21,1,15,3,5,13:10:00,Highly Engaged,R2,137
712,2,1,17,3,5,13:10:00,Not Engaged,R2,137
713,1,1,16,3,5,13:10:00,Not Engaged,R2,137
714,15,1,16,3,5,15:25:00,Engaged,R2,138
715,21,1,15,3,5,15:20:00,Highly Engaged,R2,138
716,19,1,16,3,5,15:20:00,Not Engaged,R2,138
717,19,1,16,3,5,15:15:00,Highly Engaged,R2,138
718,1,1,16,3,5,15:10:00,Not Engaged,R2,138
719,2,1,17,3,5,15:10:00,Highly Engaged,R2,138
720,3,1,16,3,5,15:05:00,Not Engaged,R2,138
721,6,1,16,3,5,15:05:00,Not Engaged,R2,138
722,1,1,16,4,1,11:25:00,Highly Engaged,R2,140
723,18,1,16,4,1,11:25:00,Highly Engaged,R2,140
724,22,1,16,4,1,13:25:00,Engaged,R2,141
725,20,1,16,4,1,13:20:00,Highly Engaged,R2,141
726,20,1,16,4,1,13:20:00,Highly Engaged,R2,141
727,21,1,15,4,1,13:20:00,Not Engaged,R2,141
728,3,1,16,4,1,13:15:00,Highly Engaged,R2,141
729,15,1,16,4,1,12:35:00,Engaged,R2,141
730,19,1,16,4,1,12:30:00,Engaged,R2,141
731,19,1,16,4,1,15:30:00,Highly Engaged,Out,142
732,15,1,16,4,1,15:30:00,Highly Engaged,Out,142
733,2,1,17,4,1,15:25:00,Not Engaged,Out,142
734,22,1,16,4,1,15:15:00,Engaged,Out,142
735,19,1,16,4,1,14:20:00,Engaged,Out,142
736,15,1,16,4,1,14:20:00,Highly Engaged,Out,142
737,1,1,16,4,1,14:15:00,Highly Engaged,Out,142
738,11,1,16,4,4,09:35:00,Highly Engaged,R2,148
739,15,1,16,4,4,11:00:00,Highly Engaged,R2,149
740,18,1,16,4,4,10:55:00,Highly Engaged,R2,149
741,19,1,16,4,4,10:50:00,Engaged,R2,149
742,2,1,17,4,4,11:35:00,Not Engaged,R2,150
743,16,1,16,4,4,13:25:00,Not Engaged,R2,151
744,11,1,16,4,4,13:25:00,Engaged,R2,151
745,2,1,17,4,4,13:25:00,Highly Engaged,R2,151
746,20,1,16,4,4,13:20:00,Highly Engaged,R2,151
747,13,1,16,4,4,13:20:00,Highly Engaged,R2,151
748,19,1,16,4,4,13:20:00,Engaged,R2,151
749,21,1,15,4,4,13:20:00,Not Engaged,R2,151
750,21,1,15,4,4,12:40:00,Not Engaged,R2,151
751,3,1,16,4,4,15:35:00,Highly Engaged,R2,152
752,18,1,16,4,4,15:25:00,Highly Engaged,R2,152
753,2,1,17,4,4,15:25:00,Highly Engaged,R2,152
754,19,1,16,4,4,15:20:00,Highly Engaged,R2,152
755,12,1,16,4,4,15:10:00,Engaged,R2,152
756,21,1,15,4,4,15:10:00,Engaged,R2,152
757,18,1,16,4,4,14:15:00,Not Engaged,R2,152
758,19,1,16,4,5,11:00:00,Engaged,R5,154
759,2,1,17,4,5,10:40:00,Not Engaged,R5,154
760,3,1,16,4,5,11:50:00,Not Engaged,R5,155
761,1,1,16,4,5,11:25:00,Not Engaged,R5,155
762,21,1,15,4,5,12:40:00,Highly Engaged,R2,156
763,6,1,16,4,5,12:10:00,Not Engaged,R2,156
764,19,1,16,4,5,13:25:00,Engaged,R2,157
765,2,1,17,4,5,15:30:00,Highly Engaged,R2,158
766,1,1,16,4,5,15:30:00,Not Engaged,R2,158
767,3,1,16,4,5,15:30:00,Engaged,R2,158
768,2,1,17,4,5,14:15:00,Highly Engaged,R2,158
769,1,1,16,4,5,14:15:00,Not Engaged,R2,158
770,15,1,16,1,1,11:00:00,Highly Engaged,R1,159
771,20,1,16,1,1,11:00:00,Highly Engaged,R1,159
772,13,1,16,1,1,11:00:00,Engaged,R1,159
773,23,1,16,1,1,11:00:00,Highly Engaged,R1,159
774,21,1,15,1,1,11:00:00,Not Engaged,R1,159
775,1,1,16,1,1,10:55:00,Not Engaged,R1,159
776,14,1,16,1,1,10:55:00,Not Engaged,R1,159
777,9,1,17,1,1,10:55:00,Highly Engaged,R1,159
778,3,1,16,1,1,10:00:00,Highly Engaged,R1,159
779,18,1,16,1,1,10:00:00,Not Engaged,R1,159
780,8,1,16,1,1,10:00:00,Highly Engaged,R1,159
781,10,1,15,1,1,11:55:00,Not Engaged,R1,160
782,12,1,16,1,1,11:30:00,Not Engaged,R1,160
783,8,1,16,1,1,13:25:00,Highly Engaged,R1,161
784,15,1,16,1,1,13:25:00,Highly Engaged,R1,161
785,5,1,16,1,1,13:20:00,Highly Engaged,R1,161
786,6,1,16,1,1,13:20:00,Highly Engaged,R1,161
787,20,1,16,1,1,13:20:00,Highly Engaged,R1,161
788,18,1,16,1,1,13:20:00,Not Engaged,R1,161
789,3,1,16,1,1,13:20:00,Highly Engaged,R1,161
790,9,1,17,1,1,13:20:00,Engaged,R1,161
791,14,1,16,1,1,13:20:00,Not Engaged,R1,161
792,10,1,15,1,1,13:20:00,Not Engaged,R1,161
793,12,1,16,1,1,15:35:00,Not Engaged,R5,162
794,8,1,16,1,1,15:35:00,Highly Engaged,R5,162
795,7,1,15,1,1,15:35:00,Not Engaged,R5,162
796,5,1,16,1,1,15:35:00,Highly Engaged,R5,162
797,6,1,16,1,1,15:35:00,Highly Engaged,R5,162
798,4,1,16,1,1,15:35:00,Highly Engaged,R5,162
799,3,1,16,1,1,15:35:00,Highly Engaged,R5,162
800,1,1,16,1,1,15:35:00,Highly Engaged,R5,162
801,15,1,16,1,1,15:30:00,Engaged,R5,162
802,20,1,16,1,1,15:30:00,Highly Engaged,R5,162
803,18,1,16,1,1,15:30:00,Not Engaged,R5,162
804,21,1,15,1,1,15:30:00,Highly Engaged,R5,162
805,13,1,16,1,1,15:30:00,Highly Engaged,R5,162
806,14,1,16,1,1,15:25:00,Not Engaged,R5,162
807,1,1,16,1,1,14:20:00,Highly Engaged,R5,162
808,5,1,16,1,2,11:00:00,Highly Engaged,R1,164
809,6,1,16,1,2,11:00:00,Highly Engaged,R1,164
810,13,1,16,1,2,11:00:00,Highly Engaged,R1,164
811,7,1,15,1,2,11:00:00,Engaged,R1,164
812,17,1,16,1,2,11:00:00,Highly Engaged,R1,164
813,20,1,16,1,2,11:00:00,Highly Engaged,R1,164
814,3,1,16,1,2,11:00:00,Engaged,R1,164
815,15,1,16,1,2,11:00:00,Engaged,R1,164
816,9,1,17,1,2,11:00:00,Highly Engaged,R1,164
817,8,1,16,1,2,10:55:00,Highly Engaged,R1,164
818,12,1,16,1,2,10:55:00,Engaged,R1,164
819,19,1,16,1,2,10:55:00,Highly Engaged,R1,164
820,23,1,16,1,2,10:55:00,Highly Engaged,R1,164
821,1,1,16,1,2,10:55:00,Highly Engaged,R1,164
822,21,1,15,1,2,10:55:00,Highly Engaged,R1,164
823,18,1,16,1,2,10:40:00,Not Engaged,R1,164
824,19,1,16,1,2,13:25:00,Engaged,R1,166
825,17,1,16,1,2,13:25:00,Highly Engaged,R1,166
826,5,1,16,1,2,13:25:00,Highly Engaged,R1,166
827,15,1,16,1,2,13:25:00,Engaged,R1,166
828,6,1,16,1,2,13:25:00,Highly Engaged,R1,166
829,1,1,16,1,2,13:20:00,Highly Engaged,R1,166
830,3,1,16,1,2,13:20:00,Highly Engaged,R1,166
831,12,1,16,1,2,13:15:00,Not Engaged,R1,166
832,9,1,17,1,2,13:10:00,Highly Engaged,R1,166
833,10,1,15,1,2,13:10:00,Not Engaged,R1,166
834,11,1,16,1,2,13:10:00,Not Engaged,R1,166
835,10,1,15,1,2,13:10:00,Not Engaged,R1,166
836,8,1,16,1,2,13:10:00,Engaged,R1,166
837,23,1,16,1,2,13:10:00,Engaged,R1,166
838,11,1,16,1,2,12:50:00,Engaged,R1,166
839,21,1,15,1,2,15:35:00,Not Engaged,R5,167
840,17,1,16,1,2,15:30:00,Highly Engaged,R5,167
841,6,1,16,1,2,15:30:00,Highly Engaged,R5,167
842,3,1,16,1,2,15:30:00,Highly Engaged,R5,167
843,1,1,16,1,2,15:30:00,Not Engaged,R5,167
844,20,1,16,1,2,15:30:00,Highly Engaged,R5,167
845,5,1,16,1,2,15:30:00,Highly Engaged,R5,167
846,14,1,16,1,2,15:30:00,Not Engaged,R5,167
847,19,1,16,1,2,15:30:00,Highly Engaged,R5,167
848,18,1,16,1,2,15:25:00,Not Engaged,R5,167
849,23,1,16,1,2,15:25:00,Engaged,R5,167
850,12,1,16,1,2,15:20:00,Not Engaged,R5,167
851,15,1,16,1,2,15:20:00,Highly Engaged,R5,167
852,8,1,16,1,2,15:20:00,Highly Engaged,R5,167
853,13,1,16,1,2,14:20:00,Highly Engaged,R5,167
854,18,1,16,1,2,14:20:00,Engaged,R5,167
855,21,1,15,1,2,14:20:00,Highly Engaged,R5,167
856,18,1,16,1,4,10:15:00,Not Engaged,R1,168
857,7,1,15,1,4,11:00:00,Not Engaged,R1,169
858,1,1,16,1,4,11:00:00,Highly Engaged,R1,169
859,20,1,16,1,4,11:00:00,Highly Engaged,R1,169
860,21,1,15,1,4,11:00:00,Engaged,R1,169
861,6,1,16,1,4,11:00:00,Highly Engaged,R1,169
862,22,1,16,1,4,11:00:00,Highly Engaged,R1,169
863,15,1,16,1,4,11:00:00,Highly Engaged,R1,169
864,4,1,16,1,4,10:55:00,Highly Engaged,R1,169
865,5,1,16,1,4,10:55:00,Engaged,R1,169
866,17,1,16,1,4,10:55:00,Highly Engaged,R1,169
867,19,1,16,1,4,10:55:00,Not Engaged,R1,169
868,14,1,16,1,4,10:55:00,Not Engaged,R1,169
869,3,1,16,1,4,10:55:00,Highly Engaged,R1,169
870,12,1,16,1,4,10:30:00,Highly Engaged,R1,169
871,8,1,16,1,4,10:25:00,Highly Engaged,R1,169
872,23,1,16,1,4,11:40:00,Highly Engaged,R1,170
873,14,1,16,1,4,13:20:00,Not Engaged,R1,171
874,20,1,16,1,4,13:20:00,Highly Engaged,R1,171
875,10,1,15,1,4,13:15:00,Not Engaged,R1,171
876,10,1,15,1,4,13:15:00,Not Engaged,R1,171
877,4,1,16,1,4,13:15:00,Highly Engaged,R1,171
878,21,1,15,1,4,13:15:00,Not Engaged,R1,171
879,1,1,16,1,4,13:10:00,Highly Engaged,R1,171
880,11,1,16,1,4,13:10:00,Not Engaged,R1,171
881,23,1,16,1,4,13:10:00,Not Engaged,R1,171
882,17,1,16,1,4,13:10:00,Highly Engaged,R1,171
883,19,1,16,1,4,13:10:00,Highly Engaged,R1,171
884,15,1,16,1,4,13:10:00,Highly Engaged,R1,171
885,18,1,16,1,4,13:00:00,Not Engaged,R1,171
886,9,1,17,1,4,15:35:00,Highly Engaged,R1,172
887,15,1,16,1,4,15:35:00,Highly Engaged,R1,172
888,22,1,16,1,4,15:35:00,Highly Engaged,R1,172
889,6,1,16,1,4,15:35:00,Highly Engaged,R1,172
890,3,1,16,1,4,15:35:00,Highly Engaged,R1,172
891,8,1,16,1,4,15:35:00,Highly Engaged,R1,172
892,20,1,16,1,4,15:30:00,Highly Engaged,R1,172
893,1,1,16,1,4,15:30:00,Highly Engaged,R1,172
894,5,1,16,1,4,15:30:00,Not Engaged,R1,172
895,4,1,16,1,4,15:30:00,Highly Engaged,R1,172
896,18,1,16,1,4,15:25:00,Highly Engaged,R1,172
897,14,1,16,1,4,15:25:00,Not Engaged,R1,172
898,17,1,16,1,4,15:25:00,Highly Engaged,R1,172
899,10,1,15,1,4,15:25:00,Engaged,R1,172
900,11,1,16,1,4,15:25:00,Highly Engaged,R1,172
901,19,1,16,1,4,15:10:00,Highly Engaged,R1,172
902,23,1,16,1,4,15:10:00,Engaged,R1,172
903,11,1,16,1,4,14:55:00,Engaged,R1,172
904,8,1,16,1,4,14:25:00,Not Engaged,R1,172
905,7,1,15,1,4,14:15:00,Not Engaged,R1,172
906,18,1,16,1,5,10:00:00,Not Engaged,R1,173
907,5,1,16,1,5,11:00:00,Highly Engaged,Out,174
908,22,1,16,1,5,11:00:00,Highly Engaged,Out,174
909,1,1,16,1,5,11:00:00,Highly Engaged,Out,174
910,14,1,16,1,5,11:00:00,Not Engaged,Out,174
911,3,1,16,1,5,10:55:00,Highly Engaged,Out,174
912,9,1,17,1,5,10:55:00,Highly Engaged,Out,174
913,23,1,16,1,5,10:50:00,Engaged,Out,174
914,11,1,16,1,5,10:45:00,Engaged,Out,174
915,10,1,15,1,5,10:40:00,Not Engaged,Out,174
916,17,1,16,1,5,12:05:00,Highly Engaged,Out,175
917,15,1,16,1,5,12:05:00,Engaged,Out,175
918,7,1,15,1,5,11:30:00,Not Engaged,Out,175
919,6,1,16,1,5,11:30:00,Highly Engaged,Out,175
920,10,1,15,1,5,12:45:00,Not Engaged,R1,176
921,1,1,16,1,5,12:40:00,Not Engaged,R1,176
922,7,1,15,1,5,12:35:00,Highly Engaged,R1,176
923,14,1,16,1,5,12:10:00,Not Engaged,R1,176
924,16,1,16,1,5,12:10:00,Engaged,R1,176
925,22,1,16,1,5,12:10:00,Engaged,R1,176
926,20,1,16,1,5,12:10:00,Highly Engaged,R1,176
927,21,1,15,1,5,12:10:00,Highly Engaged,R1,176
928,17,1,16,1,5,12:05:00,Highly Engaged,R1,176
929,15,1,16,1,5,12:05:00,Engaged,R1,176
930,10,1,15,1,5,12:45:00,Not Engaged,R1,177
931,21,1,15,1,5,15:05:00,Engaged,R1,178
932,16,1,16,2,1,10:55:00,Highly Engaged,R1,180
933,22,1,16,2,1,10:55:00,Engaged,R1,180
934,14,1,16,2,1,10:55:00,Not Engaged,R1,180
935,18,1,16,2,1,10:30:00,Not Engaged,R1,180
936,3,1,16,2,1,11:25:00,Highly Engaged,R1,181
937,7,1,15,2,1,11:25:00,Highly Engaged,R1,181
938,5,1,16,2,1,11:25:00,Highly Engaged,R1,181
939,3,1,16,2,1,13:25:00,Highly Engaged,R1,182
940,7,1,15,2,1,13:10:00,Not Engaged,R1,182
941,18,1,16,2,1,13:10:00,Not Engaged,R1,182
942,12,1,16,2,1,12:10:00,Engaged,R1,182
943,3,1,16,2,1,15:35:00,Highly Engaged,R1,183
944,22,1,16,2,1,15:35:00,Highly Engaged,R1,183
945,14,1,16,2,1,15:35:00,Not Engaged,R1,183
946,11,1,16,2,1,15:35:00,Engaged,R1,183
947,21,1,15,2,1,15:30:00,Highly Engaged,R1,183
948,13,1,16,2,1,15:30:00,Highly Engaged,R1,183
949,18,1,16,2,1,15:25:00,Highly Engaged,R1,183
950,12,1,16,2,1,15:20:00,Not Engaged,R1,183
951,23,1,16,2,1,15:20:00,Highly Engaged,R1,183
952,11,1,16,2,1,15:20:00,Engaged,R1,183
953,11,1,16,2,1,14:25:00,Engaged,R1,183
954,23,1,16,2,1,14:20:00,Not Engaged,R1,183
955,23,1,16,2,1,14:20:00,Highly Engaged,R1,183
956,14,1,16,2,2,10:55:00,Not Engaged,R1,185
957,7,1,15,2,2,10:50:00,Not Engaged,R1,185
958,7,1,15,2,2,10:50:00,Not Engaged,R1,185
959,23,1,16,2,2,10:50:00,Highly Engaged,R1,185
960,21,1,15,2,2,13:25:00,Engaged,R1,187
961,12,1,16,2,2,13:20:00,Highly Engaged,R1,187
962,12,1,16,2,2,13:20:00,Engaged,R1,187
963,7,1,15,2,2,13:20:00,Highly Engaged,R1,187
964,3,1,16,2,2,13:20:00,Highly Engaged,R1,187
965,5,1,16,2,2,13:20:00,Highly Engaged,R1,187
966,8,1,16,2,2,13:10:00,Not Engaged,R1,187
967,13,1,16,2,2,13:10:00,Not Engaged,R1,187
968,21,1,15,2,2,12:45:00,Engaged,R1,187
969,5,1,16,2,2,12:10:00,Highly Engaged,R1,187
970,3,1,16,2,2,15:35:00,Highly Engaged,R1,188
971,21,1,15,2,2,15:35:00,Not Engaged,R1,188
972,13,1,16,2,2,15:30:00,Highly Engaged,R1,188
973,14,1,16,2,2,15:30:00,Not Engaged,R1,188
974,8,1,16,2,2,15:05:00,Highly Engaged,R1,188
975,14,1,16,2,2,14:20:00,Not Engaged,R1,188
976,22,1,16,2,4,11:00:00,Highly Engaged,R1,190
977,13,1,16,2,4,10:55:00,Highly Engaged,R1,190
978,23,1,16,2,4,10:55:00,Highly Engaged,R1,190
979,21,1,15,2,4,10:55:00,Not Engaged,R1,190
980,3,1,16,2,4,10:50:00,Not Engaged,R1,190
981,18,1,16,2,4,10:45:00,Not Engaged,R1,190
982,7,1,15,2,4,11:25:00,Not Engaged,R1,191
983,14,1,16,2,4,11:25:00,Not Engaged,R1,191
984,22,1,16,2,4,13:20:00,Not Engaged,R5,192
985,14,1,16,2,4,13:20:00,Not Engaged,R5,192
986,18,1,16,2,4,12:55:00,Highly Engaged,R5,192
987,6,1,16,2,4,15:30:00,Engaged,R1,193
988,4,1,16,2,4,15:30:00,Highly Engaged,R1,193
989,3,1,16,2,4,15:30:00,Highly Engaged,R1,193
990,4,1,16,2,4,15:30:00,Highly Engaged,R1,193
991,21,1,15,2,4,15:30:00,Not Engaged,R1,193
992,4,1,16,2,4,15:30:00,Highly Engaged,R1,193
993,4,1,16,2,4,15:30:00,Highly Engaged,R1,193
994,13,1,16,2,4,15:30:00,Highly Engaged,R1,193
995,5,1,16,2,4,15:30:00,Highly Engaged,R1,193
996,22,1,16,2,4,15:30:00,Highly Engaged,R1,193
997,14,1,16,2,4,15:30:00,Not Engaged,R1,193
998,18,1,16,2,4,15:15:00,Not Engaged,R1,193
999,7,1,15,2,4,14:55:00,Not Engaged,R1,193
1000,5,1,16,2,5,12:40:00,Highly Engaged,R1,195
1001,3,1,16,2,5,12:40:00,Highly Engaged,R1,195
1002,6,1,16,2,5,12:40:00,Engaged,R1,195
1003,7,1,15,2,5,12:40:00,Not Engaged,R1,195
1004,14,1,16,2,5,12:35:00,Not Engaged,R1,195
1005,18,1,16,2,5,12:30:00,Not Engaged,R1,195
1006,22,1,16,2,5,12:30:00,Highly Engaged,R1,195
1007,21,1,15,2,5,11:45:00,Not Engaged,R1,195
1008,23,1,16,2,5,11:30:00,Highly Engaged,R1,195
1009,18,1,16,2,5,11:25:00,Not Engaged,R1,195
1010,13,1,16,2,5,11:25:00,Engaged,R1,195
1011,14,1,16,2,5,11:25:00,Not Engaged,R1,195
1012,22,1,16,2,5,11:25:00,Highly Engaged,R1,195
1013,15,1,16,3,1,10:55:00,Not Engaged,R1,199
1014,20,1,16,3,1,10:50:00,Highly Engaged,R1,199
1015,21,1,15,3,1,10:50:00,Engaged,R1,199
1016,19,1,16,3,1,10:50:00,Not Engaged,R1,199
1017,17,1,16,3,1,10:50:00,Engaged,R1,199
1018,18,1,16,3,1,10:30:00,Engaged,R1,199
1019,16,1,16,3,1,11:25:00,Highly Engaged,R1,200
1020,22,1,16,3,1,11:25:00,Highly Engaged,R1,200
1021,1,1,16,3,1,13:15:00,Not Engaged,R1,201
1022,7,1,15,3,1,13:10:00,Not Engaged,R1,201
1023,17,1,16,3,1,13:00:00,Highly Engaged,R1,201
1024,1,1,16,3,1,12:15:00,Not Engaged,R1,201
1025,17,1,16,3,1,15:35:00,Highly Engaged,R1,202
1026,19,1,16,3,1,15:35:00,Not Engaged,R1,202
1027,21,1,15,3,1,15:30:00,Not Engaged,R1,202
1028,1,1,16,3,1,15:30:00,Highly Engaged,R1,202
1029,13,1,16,3,1,15:30:00,Highly Engaged,R1,202
1030,16,1,16,3,1,15:25:00,Highly Engaged,R1,202
1031,14,1,16,3,1,15:25:00,Highly Engaged,R1,202
1032,22,1,16,3,1,15:25:00,Highly Engaged,R1,202
1033,18,1,16,3,1,15:25:00,Engaged,R1,202
1034,7,1,15,3,1,15:20:00,Not Engaged,R1,202
1035,18,1,16,3,1,14:20:00,Not Engaged,R1,202
1036,13,1,16,3,1,14:20:00,Highly Engaged,R1,202
1037,21,1,15,3,1,14:20:00,Highly Engaged,R1,202
1038,20,1,16,3,1,14:15:00,Highly Engaged,R1,202
1039,10,1,15,3,2,09:15:00,Not Engaged,Out,203
1040,11,1,16,3,2,09:15:00,Engaged,Out,203
1041,23,1,16,3,2,09:00:00,Highly Engaged,Out,203
1042,6,1,16,3,2,09:00:00,Not Engaged,Out,203
1043,5,1,16,3,2,09:00:00,Highly Engaged,Out,203
1044,1,1,16,3,2,10:55:00,Highly Engaged,R1,204
1045,18,1,16,3,2,10:55:00,Not Engaged,R1,204
1046,20,1,16,3,2,11:50:00,Highly Engaged,R1,205
1047,22,1,16,3,2,11:30:00,Highly Engaged,R1,205
1048,21,1,15,3,2,11:25:00,Engaged,R1,205
1049,10,1,15,3,2,11:25:00,Not Engaged,R1,205
1050,21,1,15,3,2,13:25:00,Highly Engaged,R1,206
1051,3,1,16,3,2,13:15:00,Not Engaged,R1,206
1052,4,1,16,3,2,13:10:00,Highly Engaged,R1,206
1053,6,1,16,3,2,13:10:00,Engaged,R1,206
1054,18,1,16,3,2,13:10:00,Not Engaged,R1,206
1055,17,1,16,3,2,13:05:00,Highly Engaged,R1,206
1056,23,1,16,3,2,12:20:00,Highly Engaged,R1,206
1057,22,1,16,3,2,12:10:00,Highly Engaged,R1,206
1058,16,1,16,3,2,12:10:00,Highly Engaged,R1,206
1059,19,1,16,3,2,12:10:00,Highly Engaged,R1,206
1060,22,1,16,3,2,15:30:00,Engaged,R1,207
1061,16,1,16,3,2,15:30:00,Not Engaged,R1,207
1062,14,1,16,3,2,15:30:00,Not Engaged,R1,207
1063,20,1,16,3,2,15:20:00,Highly Engaged,R1,207
1064,19,1,16,3,2,15:20:00,Highly Engaged,R1,207
1065,17,1,16,3,2,15:20:00,Engaged,R1,207
1066,15,1,16,3,2,15:20:00,Highly Engaged,R1,207
1067,7,1,15,3,2,15:20:00,Highly Engaged,R1,207
1068,18,1,16,3,2,15:20:00,Highly Engaged,R1,207
1069,21,1,15,3,2,15:00:00,Not Engaged,R1,207
1070,19,1,16,3,2,14:30:00,Engaged,R1,207
1071,20,1,16,3,2,14:25:00,Highly Engaged,R1,207
1072,11,1,16,3,4,09:05:00,Engaged,R1,208
1073,22,1,16,3,4,11:00:00,Engaged,R1,209
1074,1,1,16,3,4,12:00:00,Not Engaged,R1,210
1075,20,1,16,3,4,11:55:00,Highly Engaged,R1,210
1076,3,1,16,3,4,13:25:00,Engaged,R5,211
1077,6,1,16,3,4,13:25:00,Highly Engaged,R5,211
1078,15,1,16,3,4,13:10:00,Highly Engaged,R5,211
1079,19,1,16,3,4,13:05:00,Highly Engaged,R5,211
1080,13,1,16,3,4,13:05:00,Highly Engaged,R5,211
1081,19,1,16,3,4,13:05:00,Engaged,R5,211
1082,21,1,15,3,4,13:05:00,Not Engaged,R5,211
1083,11,1,16,3,4,12:15:00,Highly Engaged,R5,211
1084,10,1,15,3,4,12:15:00,Not Engaged,R5,211
1085,1,1,16,3,4,15:35:00,Engaged,R1,212
1086,21,1,15,3,4,15:20:00,Engaged,R1,212
1087,13,1,16,3,4,14:25:00,Highly Engaged,R1,212
1088,1,1,16,3,4,14:20:00,Not Engaged,R1,212
1089,23,1,16,3,5,12:40:00,Not Engaged,R1,214
1090,21,1,15,3,5,12:15:00,Highly Engaged,R1,214
1091,1,1,16,3,5,11:50:00,Highly Engaged,R1,214
1092,15,1,16,3,5,11:30:00,Highly Engaged,R1,214
1093,20,1,16,3,5,11:30:00,Highly Engaged,R1,214
1094,19,1,16,3,5,11:30:00,Highly Engaged,R1,214
1095,17,1,16,3,5,11:30:00,Highly Engaged,R1,214
1096,21,1,15,3,5,13:10:00,Highly Engaged,R1,215
1097,2,1,17,3,5,13:10:00,Not Engaged,R1,215
1098,1,1,16,3,5,13:10:00,Not Engaged,R1,215
1099,15,1,16,3,5,15:25:00,Engaged,R1,216
1100,21,1,15,3,5,15:20:00,Highly Engaged,R1,216
1101,19,1,16,3,5,15:20:00,Not Engaged,R1,216
1102,19,1,16,3,5,15:15:00,Highly Engaged,R1,216
1103,1,1,16,3,5,15:10:00,Not Engaged,R1,216
1104,2,1,17,3,5,15:10:00,Highly Engaged,R1,216
1105,3,1,16,3,5,15:05:00,Not Engaged,R1,216
1106,6,1,16,3,5,15:05:00,Not Engaged,R1,216
1107,1,1,16,4,1,11:25:00,Highly Engaged,R1,218
1108,18,1,16,4,1,11:25:00,Highly Engaged,R1,218
1109,22,1,16,4,1,13:25:00,Engaged,R1,219
1110,20,1,16,4,1,13:20:00,Highly Engaged,R1,219
1111,20,1,16,4,1,13:20:00,Highly Engaged,R1,219
1112,21,1,15,4,1,13:20:00,Not Engaged,R1,219
1113,3,1,16,4,1,13:15:00,Highly Engaged,R1,219
1114,15,1,16,4,1,12:35:00,Engaged,R1,219
1115,19,1,16,4,1,12:30:00,Engaged,R1,219
1116,19,1,16,4,1,15:30:00,Highly Engaged,R5,220
1117,15,1,16,4,1,15:30:00,Highly Engaged,R5,220
1118,2,1,17,4,1,15:25:00,Not Engaged,R5,220
1119,22,1,16,4,1,15:15:00,Engaged,R5,220
1120,19,1,16,4,1,14:20:00,Engaged,R5,220
1121,15,1,16,4,1,14:20:00,Highly Engaged,R5,220
1122,1,1,16,4,1,14:15:00,Highly Engaged,R5,220
1123,11,1,16,4,4,09:35:00,Highly Engaged,R1,226
1124,15,1,16,4,4,11:00:00,Highly Engaged,R1,227
1125,18,1,16,4,4,10:55:00,Highly Engaged,R1,227
1126,19,1,16,4,4,10:50:00,Engaged,R1,227
1127,2,1,17,4,4,11:35:00,Not Engaged,R1,228
1128,16,1,16,4,4,13:25:00,Not Engaged,R1,229
1129,11,1,16,4,4,13:25:00,Engaged,R1,229
1130,2,1,17,4,4,13:25:00,Highly Engaged,R1,229
1131,20,1,16,4,4,13:20:00,Highly Engaged,R1,229
1132,13,1,16,4,4,13:20:00,Highly Engaged,R1,229
1133,19,1,16,4,4,13:20:00,Engaged,R1,229
1134,21,1,15,4,4,13:20:00,Not Engaged,R1,229
1135,21,1,15,4,4,12:40:00,Not Engaged,R1,229
1136,3,1,16,4,4,15:35:00,Highly Engaged,R1,230
1137,18,1,16,4,4,15:25:00,Highly Engaged,R1,230
1138,2,1,17,4,4,15:25:00,Highly Engaged,R1,230
1139,19,1,16,4,4,15:20:00,Highly Engaged,R1,230
1140,12,1,16,4,4,15:10:00,Engaged,R1,230
1141,21,1,15,4,4,15:10:00,Engaged,R1,230
1142,18,1,16,4,4,14:15:00,Not Engaged,R1,230
1143,19,1,16,4,5,11:00:00,Engaged,Out,232
1144,2,1,17,4,5,10:40:00,Not Engaged,Out,232
1145,3,1,16,4,5,11:50:00,Not Engaged,Out,233
1146,1,1,16,4,5,11:25:00,Not Engaged,Out,233
1147,21,1,15,4,5,12:40:00,Highly Engaged,R1,234
1148,6,1,16,4,5,12:10:00,Not Engaged,R1,234
1149,19,1,16,4,5,13:25:00,Engaged,R1,235
1150,2,1,17,4,5,15:30:00,Highly Engaged,R1,236
1151,1,1,16,4,5,15:30:00,Not Engaged,R1,236
1152,3,1,16,4,5,15:30:00,Engaged,R1,236
1153,2,1,17,4,5,14:15:00,Highly Engaged,R1,236
1154,1,1,16,4,5,14:15:00,Not Engaged,R1,236
1155,15,1,16,1,1,11:00:00,Highly Engaged,R4,237
1156,20,1,16,1,1,11:00:00,Highly Engaged,R4,237
1157,13,1,16,1,1,11:00:00,Engaged,R4,237
1158,23,1,16,1,1,11:00:00,Highly Engaged,R4,237
1159,21,1,15,1,1,11:00:00,Not Engaged,R4,237
1160,1,1,16,1,1,10:55:00,Not Engaged,R4,237
1161,14,1,16,1,1,10:55:00,Not Engaged,R4,237
1162,9,1,17,1,1,10:55:00,Highly Engaged,R4,237
1163,3,1,16,1,1,10:00:00,Highly Engaged,R4,237
1164,18,1,16,1,1,10:00:00,Not Engaged,R4,237
1165,8,1,16,1,1,10:00:00,Highly Engaged,R4,237
1166,14,1,16,1,4,13:20:00,Not Engaged,R4,238
1167,20,1,16,1,4,13:20:00,Highly Engaged,R4,238
1168,10,1,15,1,4,13:15:00,Not Engaged,R4,238
1169,10,1,15,1,4,13:15:00,Not Engaged,R4,238
1170,4,1,16,1,4,13:15:00,Highly Engaged,R4,238
1171,21,1,15,1,4,13:15:00,Not Engaged,R4,238
1172,1,1,16,1,4,13:10:00,Highly Engaged,R4,238
1173,11,1,16,1,4,13:10:00,Not Engaged,R4,238
1174,23,1,16,1,4,13:10:00,Not Engaged,R4,238
1175,17,1,16,1,4,13:10:00,Highly Engaged,R4,238
1176,19,1,16,1,4,13:10:00,Highly Engaged,R4,238
1177,15,1,16,1,4,13:10:00,Highly Engaged,R4,238
1178,18,1,16,1,4,13:00:00,Not Engaged,R4,238
1179,18,1,16,1,5,10:00:00,Not Engaged,R4,239
1180,3,1,16,2,1,13:25:00,Highly Engaged,R4,240
1181,7,1,15,2,1,13:10:00,Not Engaged,R4,240
1182,18,1,16,2,1,13:10:00,Not Engaged,R4,240
1183,12,1,16,2,1,12:10:00,Engaged,R4,240
1184,22,1,16,2,4,11:00:00,Highly Engaged,R4,241
1185,13,1,16,2,4,10:55:00,Highly Engaged,R4,241
1186,23,1,16,2,4,10:55:00,Highly Engaged,R4,241
1187,21,1,15,2,4,10:55:00,Not Engaged,R4,241
1188,3,1,16,2,4,10:50:00,Not Engaged,R4,241
1189,18,1,16,2,4,10:45:00,Not Engaged,R4,241
1190,7,1,15,2,4,11:25:00,Not Engaged,R4,242
1191,14,1,16,2,4,11:25:00,Not Engaged,R4,242
1192,1,1,16,3,1,13:15:00,Not Engaged,R4,243
1193,7,1,15,3,1,13:10:00,Not Engaged,R4,243
1194,17,1,16,3,1,13:00:00,Highly Engaged,R4,243
1195,1,1,16,3,1,12:15:00,Not Engaged,R4,243
1196,22,1,16,3,4,11:00:00,Engaged,R4,244
1197,7,1,15,2,4,11:25:00,Not Engaged,R4,245
1198,14,1,16,2,4,11:25:00,Not Engaged,R4,245
1199,16,1,16,4,4,13:25:00,Not Engaged,R4,247
1200,11,1,16,4,4,13:25:00,Engaged,R4,247
1201,2,1,17,4,4,13:25:00,Highly Engaged,R4,247
1202,20,1,16,4,4,13:20:00,Highly Engaged,R4,247
1203,13,1,16,4,4,13:20:00,Highly Engaged,R4,247
1204,19,1,16,4,4,13:20:00,Engaged,R4,247
1205,21,1,15,4,4,13:20:00,Not Engaged,R4,247
1206,21,1,15,4,4,12:40:00,Not Engaged,R4,247
1207,18,1,16,1,5,10:00:00,Not Engaged,R4,248
